Estimate,Std,Parameter,Model
-1.5536630666562412,0.08361292949997484,(Intercept),Pr(C0)
-0.4357660969358105,0.14396859808868528,d15TRUE,Pr(C0)
-0.7009063089192611,0.11519617371676218,d30TRUE,Pr(C0)
2.3377460050781163,0.10898077232227249,(Intercept),Pr(C1|~C0)
-0.7689155801926182,0.10897560149214637,d15TRUE,Pr(C1|~C0)
-0.570872039023896,0.11988884926239585,d30TRUE,Pr(C1|~C0)
0.7161791420357123,0.01144538906686942,(Intercept),C1
0.021223191430059473,0.02629282756217924,(Intercept),C2
