Estimate,Std,Parameter,Model
-1.592470755724213,0.11068721969648984,(Intercept),Pr(C0)
-0.039322396362499214,0.14927283198216798,d15TRUE,Pr(C0)
-0.12851361975500009,0.13754909081753355,d30TRUE,Pr(C0)
2.350382697716141,0.10681495681020903,(Intercept),Pr(C1|~C0)
-0.6096430404783288,0.14593889601759064,d15TRUE,Pr(C1|~C0)
-0.6077259418726474,0.16154676155776682,d30TRUE,Pr(C1|~C0)
0.7536282550037195,0.019659134563394833,(Intercept),C1
0.0599686507368576,0.03321729950062395,(Intercept),C2
