Estimate,Std,Parameter,Model
-1.5536630666562412,0.08361292949997484,(Intercept),Pr(C0)
-0.4357660969358105,0.14396859808868528,d15TRUE,Pr(C0)
-0.7009063089192611,0.11519617371676218,d30TRUE,Pr(C0)
2.3195918434732254,0.11163431692864544,(Intercept),Pr(C1|~C0)
-0.7623554353414884,0.10970471027919247,d15TRUE,Pr(C1|~C0)
-0.5589315204831405,0.12063625923770609,d30TRUE,Pr(C1|~C0)
0.7265453385532642,0.013807512315213027,(Intercept),C1
0.03572866159501161,0.035544638775211725,(Intercept),C2
