Estimate,Std,Parameter,Model
-1.5258410344019417,0.11652400180457936,(Intercept),Pr(C0)
-0.29340252879952633,0.14016551660006588,d15TRUE,Pr(C0)
-0.594575428162364,0.11703871947048423,d30TRUE,Pr(C0)
1.9882088931884485,0.15535003667395583,(Intercept),Pr(C1|~C0)
-0.7398178545628525,0.111317085086806,d15TRUE,Pr(C1|~C0)
-0.5500838038516385,0.12312999525048274,d30TRUE,Pr(C1|~C0)
0.8724779446313605,0.009410193053236518,(Intercept),C1
0.2360887239978054,0.03333591438245175,(Intercept),C2
