Estimate,Std,Parameter,Model
-1.5258912812965963,0.1116306524130017,(Intercept),Pr(C0)
-0.2749112150263302,0.14045026543458508,d15TRUE,Pr(C0)
-0.6269718466066051,0.11673044399689907,d30TRUE,Pr(C0)
2.002509275847376,0.1503714003618489,(Intercept),Pr(C1|~C0)
-0.7799608956707553,0.11026807444063146,d15TRUE,Pr(C1|~C0)
-0.5172580681968795,0.12160622478255749,d30TRUE,Pr(C1|~C0)
0.8683577273534265,0.0077488924836060505,(Intercept),C1
0.23076363012269588,0.023123354963634532,(Intercept),C2
