Var,mean,se_mean,sd,X2.5.,X25.,X50.,X75.,X97.5.,n_eff,Rhat
r0,4.597993840414303,0.04523294661072972,0.8106643565288343,3.208767150530077,4.033973880004027,4.536381438539506,5.088456976020736,6.325941393044344,321.1976777771605,1.0201055334736364
ba1,-0.009382763493853976,1.5898810473081253e-4,0.0027461857260449142,-0.014597305684151605,-0.011211971391725657,-0.009347760438685153,-0.0075650338155676174,-0.004073791239232771,298.3530943655085,1.0179647656522457
lp__,-2581.2759897000924,0.05059090908911974,1.0262506569116354,-2584.19219378294,-2581.641202836961,-2580.961904120921,-2580.5657554608674,-2580.2938346650053,411.4925049535908,0.999128085877978
