Var,mean,se_mean,sd,X2.5.,X25.,X50.,X75.,X97.5.,n_eff,Rhat
r0,5.515261737361738,0.06785862124936438,0.9705730067341457,3.828059242651729,4.811520928802357,5.465721452500651,6.158869147261258,7.661360515863097,204.57207701090266,1.0304814249235141
ba1,-0.011774399503495727,1.894103977809778e-4,0.0027676908902039316,-0.017199862702658483,-0.01375006220466615,-0.011820263488644126,-0.009904014405457101,-0.006315295450394791,213.51457989240694,1.0273573558219569
lp__,-2584.978364909662,0.04422794550818761,0.9248501298166492,-2587.4753509912152,-2585.3586295965088,-2584.705017389144,-2584.2954332423747,-2584.031061760438,437.26950616004893,1.0111985373898398
