Var,mean,se_mean,sd,X2.5.,X25.,X50.,X75.,X97.5.,n_eff,Rhat
r0,4.169454496115622,0.03457059952749388,0.6464948328549813,3.004387861060995,3.7157749431228946,4.11680346764747,4.5875490656089575,5.554842758702581,349.7166373388413,1.0046008883546131
ba1,-0.008615446564699814,1.3016223773148355e-4,0.0024314678535891803,-0.013251735120636007,-0.01034967330443988,-0.008636483043843596,-0.006974700579137395,-0.003718284905090228,348.9530926093851,1.0048385402502142
lp__,-162.8381767858326,0.042426362367088924,0.9377133151966501,-165.1747752243172,-163.32407058333854,-162.56056474081223,-162.11924101788205,-161.8356239419965,488.5045034638442,1.002003430307729
