Var,mean,se_mean,sd,X2.5.,X25.,X50.,X75.,X97.5.,n_eff,Rhat
r0,5.012507999549806,0.08040968735839805,1.0510751820285378,3.301148590215344,4.276135091999765,4.916487955543551,5.580833302078561,7.5763411786580175,170.86409720438286,1.0236103211386611
ba1,-0.010321405485946343,2.2924839980829887e-4,0.0032050063724232314,-0.017134444397308147,-0.0123599726639201,-0.010289624548827342,-0.008180496184715568,-0.004191543598910298,195.45427278429375,1.021716308654356
lp__,-2508.3752621536105,0.05716734282482979,1.0356319576358477,-2511.116250370794,-2508.811020662499,-2508.03463572229,-2507.641005869842,-2507.3422394403065,328.1820882644014,1.0058507986247935
