Var,mean,se_mean,sd,X2.5.,X25.,X50.,X75.,X97.5.,n_eff,Rhat
r0,8.728203381375048,0.10851801894788797,1.9153086156738144,5.718759648727465,7.428060565439985,8.504181425735178,9.800008017002947,12.858431116403581,311.51130396825926,1.0064446585492945
ba1,-0.014877604026471647,1.8817516481062793e-4,0.0033712313486986213,-0.021529557102838652,-0.017137110104426805,-0.014803752826372262,-0.012601683987067938,-0.00844830321517016,320.9611765362028,1.00676402025185
lp__,-1349.526229548956,0.047006059171587115,0.9820166849295495,-1351.9339487027657,-1349.8991584327443,-1349.2237332808008,-1348.8326689038818,-1348.6009986537051,436.4455276652517,1.0109302805006972
