mean,se_mean,sd,X2.5.,X25.,X50.,X75.,X97.5.,n_eff,Rhat
1.2177000574029884,0.005099048986078988,0.0918665221523915,1.0429314600637882,1.153109516132604,1.2184559569621596,1.2832506344019448,1.3909106801747029,324.5907820223313,1.0141761139792
0.010448266375308544,7.919729883801824e-5,0.0014122559562945313,0.007822203059776541,0.009448237767878193,0.010412887211214684,0.01143207418499355,0.013160687560818717,317.9846026476443,1.0141208131700827
-6500.768096821717,0.05421771829883503,0.9436035933331419,-6503.31835483558,-6501.168899284186,-6500.484137500609,-6500.087235595473,-6499.8067825887365,302.8982042409685,1.0087766547219081
