Var,mean,se_mean,sd,X2.5.,X25.,X50.,X75.,X97.5.,n_eff,Rhat
r0,3.478902068314639,0.03182802922567395,0.5270164295719019,2.5763582689161475,3.1001286513383413,3.4172445350109255,3.794706692272956,4.697521653929992,274.17560627717273,1.0119160147470934
ba1,-0.006197684406665155,1.3931611281865124e-4,0.0023326339215414948,-0.010936444868782388,-0.007745202049766101,-0.006064626641168295,-0.004568773224007486,-0.0016367076934395352,280.34349103960415,1.0116527722967414
lp__,-198.40813470187314,0.04715954558741949,1.0388510326390532,-201.36978190042606,-198.75891545946553,-198.08279433655338,-197.67673507736728,-197.40749198326287,485.2519934258649,1.0067010023861465
